name,id,type1,type2,hp,attack,defense,special-attack,special-defense,speed
bulbasaur,1,grass,poison,45,49,49,65,65,45
ivysaur,2,grass,poison,60,62,63,80,80,60
venusaur,3,grass,poison,80,82,83,100,100,80
charmander,4,fire,None,39,52,43,60,50,65
charmeleon,5,fire,None,58,64,58,80,65,80
charizard,6,fire,flying,78,84,78,109,85,100
squirtle,7,water,None,44,48,65,50,64,43
wartortle,8,water,None,59,63,80,65,80,58
blastoise,9,water,None,79,83,100,85,105,78
caterpie,10,bug,None,45,30,35,20,20,45
metapod,11,bug,None,50,20,55,25,25,30
butterfree,12,bug,flying,60,45,50,90,80,70
weedle,13,bug,poison,40,35,30,20,20,50
kakuna,14,bug,poison,45,25,50,25,25,35
beedrill,15,bug,poison,65,90,40,45,80,75
pidgey,16,normal,flying,40,45,40,35,35,56
pidgeotto,17,normal,flying,63,60,55,50,50,71
pidgeot,18,normal,flying,83,80,75,70,70,101
rattata,19,normal,None,30,56,35,25,35,72
raticate,20,normal,None,55,81,60,50,70,97
spearow,21,normal,flying,40,60,30,31,31,70
fearow,22,normal,flying,65,90,65,61,61,100
ekans,23,poison,None,35,60,44,40,54,55
arbok,24,poison,None,60,95,69,65,79,80
pikachu,25,electric,None,35,55,40,50,50,90
raichu,26,electric,None,60,90,55,90,80,110
sandshrew,27,ground,None,50,75,85,20,30,40
sandslash,28,ground,None,75,100,110,45,55,65
nidoran-f,29,poison,None,55,47,52,40,40,41
nidorina,30,poison,None,70,62,67,55,55,56
nidoqueen,31,poison,ground,90,92,87,75,85,76
nidoran-m,32,poison,None,46,57,40,40,40,50
nidorino,33,poison,None,61,72,57,55,55,65
nidoking,34,poison,ground,81,102,77,85,75,85
clefairy,35,fairy,None,70,45,48,60,65,35
clefable,36,fairy,None,95,70,73,95,90,60
vulpix,37,fire,None,38,41,40,50,65,65
ninetales,38,fire,None,73,76,75,81,100,100
jigglypuff,39,normal,fairy,115,45,20,45,25,20
wigglytuff,40,normal,fairy,140,70,45,85,50,45
zubat,41,poison,flying,40,45,35,30,40,55
golbat,42,poison,flying,75,80,70,65,75,90
oddish,43,grass,poison,45,50,55,75,65,30
gloom,44,grass,poison,60,65,70,85,75,40
vileplume,45,grass,poison,75,80,85,110,90,50
paras,46,bug,grass,35,70,55,45,55,25
parasect,47,bug,grass,60,95,80,60,80,30
venonat,48,bug,poison,60,55,50,40,55,45
venomoth,49,bug,poison,70,65,60,90,75,90
diglett,50,ground,None,10,55,25,35,45,95
dugtrio,51,ground,None,35,100,50,50,70,120
meowth,52,normal,None,40,45,35,40,40,90
persian,53,normal,None,65,70,60,65,65,115
psyduck,54,water,None,50,52,48,65,50,55
golduck,55,water,None,80,82,78,95,80,85
mankey,56,fighting,None,40,80,35,35,45,70
primeape,57,fighting,None,65,105,60,60,70,95
growlithe,58,fire,None,55,70,45,70,50,60
arcanine,59,fire,None,90,110,80,100,80,95
poliwag,60,water,None,40,50,40,40,40,90
poliwhirl,61,water,None,65,65,65,50,50,90
poliwrath,62,water,fighting,90,95,95,70,90,70
abra,63,psychic,None,25,20,15,105,55,90
kadabra,64,psychic,None,40,35,30,120,70,105
alakazam,65,psychic,None,55,50,45,135,95,120
machop,66,fighting,None,70,80,50,35,35,35
machoke,67,fighting,None,80,100,70,50,60,45
machamp,68,fighting,None,90,130,80,65,85,55
bellsprout,69,grass,poison,50,75,35,70,30,40
weepinbell,70,grass,poison,65,90,50,85,45,55
victreebel,71,grass,poison,80,105,65,100,70,70
tentacool,72,water,poison,40,40,35,50,100,70
tentacruel,73,water,poison,80,70,65,80,120,100
geodude,74,rock,ground,40,80,100,30,30,20
graveler,75,rock,ground,55,95,115,45,45,35
golem,76,rock,ground,80,120,130,55,65,45
ponyta,77,fire,None,50,85,55,65,65,90
rapidash,78,fire,None,65,100,70,80,80,105
slowpoke,79,water,psychic,90,65,65,40,40,15
slowbro,80,water,psychic,95,75,110,100,80,30
magnemite,81,electric,steel,25,35,70,95,55,45
magneton,82,electric,steel,50,60,95,120,70,70
farfetchd,83,normal,flying,52,90,55,58,62,60
doduo,84,normal,flying,35,85,45,35,35,75
dodrio,85,normal,flying,60,110,70,60,60,110
seel,86,water,None,65,45,55,45,70,45
dewgong,87,water,ice,90,70,80,70,95,70
grimer,88,poison,None,80,80,50,40,50,25
muk,89,poison,None,105,105,75,65,100,50
shellder,90,water,None,30,65,100,45,25,40
cloyster,91,water,ice,50,95,180,85,45,70
gastly,92,ghost,poison,30,35,30,100,35,80
haunter,93,ghost,poison,45,50,45,115,55,95
gengar,94,ghost,poison,60,65,60,130,75,110
onix,95,rock,ground,35,45,160,30,45,70
drowzee,96,psychic,None,60,48,45,43,90,42
hypno,97,psychic,None,85,73,70,73,115,67
krabby,98,water,None,30,105,90,25,25,50
kingler,99,water,None,55,130,115,50,50,75
voltorb,100,electric,None,40,30,50,55,55,100
electrode,101,electric,None,60,50,70,80,80,150
exeggcute,102,grass,psychic,60,40,80,60,45,40
exeggutor,103,grass,psychic,95,95,85,125,75,55
cubone,104,ground,None,50,50,95,40,50,35
marowak,105,ground,None,60,80,110,50,80,45
hitmonlee,106,fighting,None,50,120,53,35,110,87
hitmonchan,107,fighting,None,50,105,79,35,110,76
lickitung,108,normal,None,90,55,75,60,75,30
koffing,109,poison,None,40,65,95,60,45,35
weezing,110,poison,None,65,90,120,85,70,60
rhyhorn,111,ground,rock,80,85,95,30,30,25
rhydon,112,ground,rock,105,130,120,45,45,40
chansey,113,normal,None,250,5,5,35,105,50
tangela,114,grass,None,65,55,115,100,40,60
kangaskhan,115,normal,None,105,95,80,40,80,90
horsea,116,water,None,30,40,70,70,25,60
seadra,117,water,None,55,65,95,95,45,85
goldeen,118,water,None,45,67,60,35,50,63
seaking,119,water,None,80,92,65,65,80,68
staryu,120,water,None,30,45,55,70,55,85
starmie,121,water,psychic,60,75,85,100,85,115
mr-mime,122,psychic,fairy,40,45,65,100,120,90
scyther,123,bug,flying,70,110,80,55,80,105
jynx,124,ice,psychic,65,50,35,115,95,95
electabuzz,125,electric,None,65,83,57,95,85,105
magmar,126,fire,None,65,95,57,100,85,93
pinsir,127,bug,None,65,125,100,55,70,85
tauros,128,normal,None,75,100,95,40,70,110
magikarp,129,water,None,20,10,55,15,20,80
gyarados,130,water,flying,95,125,79,60,100,81
lapras,131,water,ice,130,85,80,85,95,60
ditto,132,normal,None,48,48,48,48,48,48
eevee,133,normal,None,55,55,50,45,65,55
vaporeon,134,water,None,130,65,60,110,95,65
jolteon,135,electric,None,65,65,60,110,95,130
flareon,136,fire,None,65,130,60,95,110,65
porygon,137,normal,None,65,60,70,85,75,40
omanyte,138,rock,water,35,40,100,90,55,35
omastar,139,rock,water,70,60,125,115,70,55
kabuto,140,rock,water,30,80,90,55,45,55
kabutops,141,rock,water,60,115,105,65,70,80
aerodactyl,142,rock,flying,80,105,65,60,75,130
snorlax,143,normal,None,160,110,65,65,110,30
articuno,144,ice,flying,90,85,100,95,125,85
zapdos,145,electric,flying,90,90,85,125,90,100
moltres,146,fire,flying,90,100,90,125,85,90
dratini,147,dragon,None,41,64,45,50,50,50
dragonair,148,dragon,None,61,84,65,70,70,70
dragonite,149,dragon,flying,91,134,95,100,100,80
mewtwo,150,psychic,None,106,110,90,154,90,130
mew,151,psychic,None,100,100,100,100,100,100
chikorita,152,grass,None,45,49,65,49,65,45
bayleef,153,grass,None,60,62,80,63,80,60
meganium,154,grass,None,80,82,100,83,100,80
cyndaquil,155,fire,None,39,52,43,60,50,65
quilava,156,fire,None,58,64,58,80,65,80
typhlosion,157,fire,None,78,84,78,109,85,100
totodile,158,water,None,50,65,64,44,48,43
croconaw,159,water,None,65,80,80,59,63,58
feraligatr,160,water,None,85,105,100,79,83,78
sentret,161,normal,None,35,46,34,35,45,20
furret,162,normal,None,85,76,64,45,55,90
hoothoot,163,normal,flying,60,30,30,36,56,50
noctowl,164,normal,flying,100,50,50,86,96,70
ledyba,165,bug,flying,40,20,30,40,80,55
ledian,166,bug,flying,55,35,50,55,110,85
spinarak,167,bug,poison,40,60,40,40,40,30
ariados,168,bug,poison,70,90,70,60,70,40
crobat,169,poison,flying,85,90,80,70,80,130
chinchou,170,water,electric,75,38,38,56,56,67
lanturn,171,water,electric,125,58,58,76,76,67
pichu,172,electric,None,20,40,15,35,35,60
cleffa,173,fairy,None,50,25,28,45,55,15
igglybuff,174,normal,fairy,90,30,15,40,20,15
togepi,175,fairy,None,35,20,65,40,65,20
togetic,176,fairy,flying,55,40,85,80,105,40
natu,177,psychic,flying,40,50,45,70,45,70
xatu,178,psychic,flying,65,75,70,95,70,95
mareep,179,electric,None,55,40,40,65,45,35
flaaffy,180,electric,None,70,55,55,80,60,45
ampharos,181,electric,None,90,75,85,115,90,55
bellossom,182,grass,None,75,80,95,90,100,50
marill,183,water,fairy,70,20,50,20,50,40
azumarill,184,water,fairy,100,50,80,60,80,50
sudowoodo,185,rock,None,70,100,115,30,65,30
politoed,186,water,None,90,75,75,90,100,70
hoppip,187,grass,flying,35,35,40,35,55,50
skiploom,188,grass,flying,55,45,50,45,65,80
jumpluff,189,grass,flying,75,55,70,55,95,110
aipom,190,normal,None,55,70,55,40,55,85
sunkern,191,grass,None,30,30,30,30,30,30
sunflora,192,grass,None,75,75,55,105,85,30
yanma,193,bug,flying,65,65,45,75,45,95
wooper,194,water,ground,55,45,45,25,25,15
quagsire,195,water,ground,95,85,85,65,65,35
espeon,196,psychic,None,65,65,60,130,95,110
umbreon,197,dark,None,95,65,110,60,130,65
murkrow,198,dark,flying,60,85,42,85,42,91
slowking,199,water,psychic,95,75,80,100,110,30
misdreavus,200,ghost,None,60,60,60,85,85,85
unown,201,psychic,None,48,72,48,72,48,48
wobbuffet,202,psychic,None,190,33,58,33,58,33
girafarig,203,normal,psychic,70,80,65,90,65,85
pineco,204,bug,None,50,65,90,35,35,15
forretress,205,bug,steel,75,90,140,60,60,40
dunsparce,206,normal,None,100,70,70,65,65,45
gligar,207,ground,flying,65,75,105,35,65,85
steelix,208,steel,ground,75,85,200,55,65,30
snubbull,209,fairy,None,60,80,50,40,40,30
granbull,210,fairy,None,90,120,75,60,60,45
qwilfish,211,water,poison,65,95,85,55,55,85
scizor,212,bug,steel,70,130,100,55,80,65
shuckle,213,bug,rock,20,10,230,10,230,5
heracross,214,bug,fighting,80,125,75,40,95,85
sneasel,215,dark,ice,55,95,55,35,75,115
teddiursa,216,normal,None,60,80,50,50,50,40
ursaring,217,normal,None,90,130,75,75,75,55
slugma,218,fire,None,40,40,40,70,40,20
magcargo,219,fire,rock,60,50,120,90,80,30
swinub,220,ice,ground,50,50,40,30,30,50
piloswine,221,ice,ground,100,100,80,60,60,50
corsola,222,water,rock,65,55,95,65,95,35
remoraid,223,water,None,35,65,35,65,35,65
octillery,224,water,None,75,105,75,105,75,45
delibird,225,ice,flying,45,55,45,65,45,75
mantine,226,water,flying,85,40,70,80,140,70
skarmory,227,steel,flying,65,80,140,40,70,70
houndour,228,dark,fire,45,60,30,80,50,65
houndoom,229,dark,fire,75,90,50,110,80,95
kingdra,230,water,dragon,75,95,95,95,95,85
phanpy,231,ground,None,90,60,60,40,40,40
donphan,232,ground,None,90,120,120,60,60,50
porygon2,233,normal,None,85,80,90,105,95,60
stantler,234,normal,None,73,95,62,85,65,85
smeargle,235,normal,None,55,20,35,20,45,75
tyrogue,236,fighting,None,35,35,35,35,35,35
hitmontop,237,fighting,None,50,95,95,35,110,70
smoochum,238,ice,psychic,45,30,15,85,65,65
elekid,239,electric,None,45,63,37,65,55,95
magby,240,fire,None,45,75,37,70,55,83
miltank,241,normal,None,95,80,105,40,70,100
blissey,242,normal,None,255,10,10,75,135,55
raikou,243,electric,None,90,85,75,115,100,115
entei,244,fire,None,115,115,85,90,75,100
suicune,245,water,None,100,75,115,90,115,85
larvitar,246,rock,ground,50,64,50,45,50,41
pupitar,247,rock,ground,70,84,70,65,70,51
tyranitar,248,rock,dark,100,134,110,95,100,61
lugia,249,psychic,flying,106,90,130,90,154,110
ho-oh,250,fire,flying,106,130,90,110,154,90
celebi,251,psychic,grass,100,100,100,100,100,100
treecko,252,grass,None,40,45,35,65,55,70
grovyle,253,grass,None,50,65,45,85,65,95
sceptile,254,grass,None,70,85,65,105,85,120
torchic,255,fire,None,45,60,40,70,50,45
combusken,256,fire,fighting,60,85,60,85,60,55
blaziken,257,fire,fighting,80,120,70,110,70,80
mudkip,258,water,None,50,70,50,50,50,40
marshtomp,259,water,ground,70,85,70,60,70,50
swampert,260,water,ground,100,110,90,85,90,60
poochyena,261,dark,None,35,55,35,30,30,35
mightyena,262,dark,None,70,90,70,60,60,70
zigzagoon,263,normal,None,38,30,41,30,41,60
linoone,264,normal,None,78,70,61,50,61,100
wurmple,265,bug,None,45,45,35,20,30,20
silcoon,266,bug,None,50,35,55,25,25,15
beautifly,267,bug,flying,60,70,50,100,50,65
cascoon,268,bug,None,50,35,55,25,25,15
dustox,269,bug,poison,60,50,70,50,90,65
lotad,270,water,grass,40,30,30,40,50,30
lombre,271,water,grass,60,50,50,60,70,50
ludicolo,272,water,grass,80,70,70,90,100,70
seedot,273,grass,None,40,40,50,30,30,30
nuzleaf,274,grass,dark,70,70,40,60,40,60
shiftry,275,grass,dark,90,100,60,90,60,80
taillow,276,normal,flying,40,55,30,30,30,85
swellow,277,normal,flying,60,85,60,75,50,125
wingull,278,water,flying,40,30,30,55,30,85
pelipper,279,water,flying,60,50,100,95,70,65
ralts,280,psychic,fairy,28,25,25,45,35,40
kirlia,281,psychic,fairy,38,35,35,65,55,50
gardevoir,282,psychic,fairy,68,65,65,125,115,80
surskit,283,bug,water,40,30,32,50,52,65
masquerain,284,bug,flying,70,60,62,100,82,80
shroomish,285,grass,None,60,40,60,40,60,35
breloom,286,grass,fighting,60,130,80,60,60,70
slakoth,287,normal,None,60,60,60,35,35,30
vigoroth,288,normal,None,80,80,80,55,55,90
slaking,289,normal,None,150,160,100,95,65,100
nincada,290,bug,ground,31,45,90,30,30,40
ninjask,291,bug,flying,61,90,45,50,50,160
shedinja,292,bug,ghost,1,90,45,30,30,40
whismur,293,normal,None,64,51,23,51,23,28
loudred,294,normal,None,84,71,43,71,43,48
exploud,295,normal,None,104,91,63,91,73,68
makuhita,296,fighting,None,72,60,30,20,30,25
hariyama,297,fighting,None,144,120,60,40,60,50
azurill,298,normal,fairy,50,20,40,20,40,20
nosepass,299,rock,None,30,45,135,45,90,30
skitty,300,normal,None,50,45,45,35,35,50
delcatty,301,normal,None,70,65,65,55,55,90
sableye,302,dark,ghost,50,75,75,65,65,50
mawile,303,steel,fairy,50,85,85,55,55,50
aron,304,steel,rock,50,70,100,40,40,30
lairon,305,steel,rock,60,90,140,50,50,40
aggron,306,steel,rock,70,110,180,60,60,50
meditite,307,fighting,psychic,30,40,55,40,55,60
medicham,308,fighting,psychic,60,60,75,60,75,80
electrike,309,electric,None,40,45,40,65,40,65
manectric,310,electric,None,70,75,60,105,60,105
plusle,311,electric,None,60,50,40,85,75,95
minun,312,electric,None,60,40,50,75,85,95
volbeat,313,bug,None,65,73,75,47,85,85
illumise,314,bug,None,65,47,75,73,85,85
roselia,315,grass,poison,50,60,45,100,80,65
gulpin,316,poison,None,70,43,53,43,53,40
swalot,317,poison,None,100,73,83,73,83,55
carvanha,318,water,dark,45,90,20,65,20,65
sharpedo,319,water,dark,70,120,40,95,40,95
wailmer,320,water,None,130,70,35,70,35,60
wailord,321,water,None,170,90,45,90,45,60
numel,322,fire,ground,60,60,40,65,45,35
camerupt,323,fire,ground,70,100,70,105,75,40
torkoal,324,fire,None,70,85,140,85,70,20
spoink,325,psychic,None,60,25,35,70,80,60
grumpig,326,psychic,None,80,45,65,90,110,80
spinda,327,normal,None,60,60,60,60,60,60
trapinch,328,ground,None,45,100,45,45,45,10
vibrava,329,ground,dragon,50,70,50,50,50,70
flygon,330,ground,dragon,80,100,80,80,80,100
cacnea,331,grass,None,50,85,40,85,40,35
cacturne,332,grass,dark,70,115,60,115,60,55
swablu,333,normal,flying,45,40,60,40,75,50
altaria,334,dragon,flying,75,70,90,70,105,80
zangoose,335,normal,None,73,115,60,60,60,90
seviper,336,poison,None,73,100,60,100,60,65
lunatone,337,rock,psychic,90,55,65,95,85,70
solrock,338,rock,psychic,90,95,85,55,65,70
barboach,339,water,ground,50,48,43,46,41,60
whiscash,340,water,ground,110,78,73,76,71,60
corphish,341,water,None,43,80,65,50,35,35
crawdaunt,342,water,dark,63,120,85,90,55,55
baltoy,343,ground,psychic,40,40,55,40,70,55
claydol,344,ground,psychic,60,70,105,70,120,75
lileep,345,rock,grass,66,41,77,61,87,23
cradily,346,rock,grass,86,81,97,81,107,43
anorith,347,rock,bug,45,95,50,40,50,75
armaldo,348,rock,bug,75,125,100,70,80,45
feebas,349,water,None,20,15,20,10,55,80
milotic,350,water,None,95,60,79,100,125,81
castform,351,normal,None,70,70,70,70,70,70
kecleon,352,normal,None,60,90,70,60,120,40
shuppet,353,ghost,None,44,75,35,63,33,45
banette,354,ghost,None,64,115,65,83,63,65
duskull,355,ghost,None,20,40,90,30,90,25
dusclops,356,ghost,None,40,70,130,60,130,25
tropius,357,grass,flying,99,68,83,72,87,51
chimecho,358,psychic,None,75,50,80,95,90,65
absol,359,dark,None,65,130,60,75,60,75
wynaut,360,psychic,None,95,23,48,23,48,23
snorunt,361,ice,None,50,50,50,50,50,50
glalie,362,ice,None,80,80,80,80,80,80
spheal,363,ice,water,70,40,50,55,50,25
sealeo,364,ice,water,90,60,70,75,70,45
walrein,365,ice,water,110,80,90,95,90,65
clamperl,366,water,None,35,64,85,74,55,32
huntail,367,water,None,55,104,105,94,75,52
gorebyss,368,water,None,55,84,105,114,75,52
relicanth,369,water,rock,100,90,130,45,65,55
luvdisc,370,water,None,43,30,55,40,65,97
bagon,371,dragon,None,45,75,60,40,30,50
shelgon,372,dragon,None,65,95,100,60,50,50
salamence,373,dragon,flying,95,135,80,110,80,100
beldum,374,steel,psychic,40,55,80,35,60,30
metang,375,steel,psychic,60,75,100,55,80,50
metagross,376,steel,psychic,80,135,130,95,90,70
regirock,377,rock,None,80,100,200,50,100,50
regice,378,ice,None,80,50,100,100,200,50
registeel,379,steel,None,80,75,150,75,150,50
latias,380,dragon,psychic,80,80,90,110,130,110
latios,381,dragon,psychic,80,90,80,130,110,110
kyogre,382,water,None,100,100,90,150,140,90
groudon,383,ground,None,100,150,140,100,90,90
rayquaza,384,dragon,flying,105,150,90,150,90,95
jirachi,385,steel,psychic,100,100,100,100,100,100
deoxys-normal,386,psychic,None,50,150,50,150,50,150
turtwig,387,grass,None,55,68,64,45,55,31
grotle,388,grass,None,75,89,85,55,65,36
torterra,389,grass,ground,95,109,105,75,85,56
chimchar,390,fire,None,44,58,44,58,44,61
monferno,391,fire,fighting,64,78,52,78,52,81
infernape,392,fire,fighting,76,104,71,104,71,108
piplup,393,water,None,53,51,53,61,56,40
prinplup,394,water,None,64,66,68,81,76,50
empoleon,395,water,steel,84,86,88,111,101,60
starly,396,normal,flying,40,55,30,30,30,60
staravia,397,normal,flying,55,75,50,40,40,80
staraptor,398,normal,flying,85,120,70,50,60,100
bidoof,399,normal,None,59,45,40,35,40,31
bibarel,400,normal,water,79,85,60,55,60,71
kricketot,401,bug,None,37,25,41,25,41,25
kricketune,402,bug,None,77,85,51,55,51,65
shinx,403,electric,None,45,65,34,40,34,45
luxio,404,electric,None,60,85,49,60,49,60
luxray,405,electric,None,80,120,79,95,79,70
budew,406,grass,poison,40,30,35,50,70,55
roserade,407,grass,poison,60,70,65,125,105,90
cranidos,408,rock,None,67,125,40,30,30,58
rampardos,409,rock,None,97,165,60,65,50,58
shieldon,410,rock,steel,30,42,118,42,88,30
bastiodon,411,rock,steel,60,52,168,47,138,30
burmy,412,bug,None,40,29,45,29,45,36
wormadam-plant,413,bug,grass,60,59,85,79,105,36
mothim,414,bug,flying,70,94,50,94,50,66
combee,415,bug,flying,30,30,42,30,42,70
vespiquen,416,bug,flying,70,80,102,80,102,40
pachirisu,417,electric,None,60,45,70,45,90,95
buizel,418,water,None,55,65,35,60,30,85
floatzel,419,water,None,85,105,55,85,50,115
cherubi,420,grass,None,45,35,45,62,53,35
cherrim,421,grass,None,70,60,70,87,78,85
shellos,422,water,None,76,48,48,57,62,34
gastrodon,423,water,ground,111,83,68,92,82,39
ambipom,424,normal,None,75,100,66,60,66,115
drifloon,425,ghost,flying,90,50,34,60,44,70
drifblim,426,ghost,flying,150,80,44,90,54,80
buneary,427,normal,None,55,66,44,44,56,85
lopunny,428,normal,None,65,76,84,54,96,105
mismagius,429,ghost,None,60,60,60,105,105,105
honchkrow,430,dark,flying,100,125,52,105,52,71
glameow,431,normal,None,49,55,42,42,37,85
purugly,432,normal,None,71,82,64,64,59,112
chingling,433,psychic,None,45,30,50,65,50,45
stunky,434,poison,dark,63,63,47,41,41,74
skuntank,435,poison,dark,103,93,67,71,61,84
bronzor,436,steel,psychic,57,24,86,24,86,23
bronzong,437,steel,psychic,67,89,116,79,116,33
bonsly,438,rock,None,50,80,95,10,45,10
mime-jr,439,psychic,fairy,20,25,45,70,90,60
happiny,440,normal,None,100,5,5,15,65,30
chatot,441,normal,flying,76,65,45,92,42,91
spiritomb,442,ghost,dark,50,92,108,92,108,35
gible,443,dragon,ground,58,70,45,40,45,42
gabite,444,dragon,ground,68,90,65,50,55,82
garchomp,445,dragon,ground,108,130,95,80,85,102
munchlax,446,normal,None,135,85,40,40,85,5
riolu,447,fighting,None,40,70,40,35,40,60
lucario,448,fighting,steel,70,110,70,115,70,90
hippopotas,449,ground,None,68,72,78,38,42,32
hippowdon,450,ground,None,108,112,118,68,72,47
skorupi,451,poison,bug,40,50,90,30,55,65
drapion,452,poison,dark,70,90,110,60,75,95
croagunk,453,poison,fighting,48,61,40,61,40,50
toxicroak,454,poison,fighting,83,106,65,86,65,85
carnivine,455,grass,None,74,100,72,90,72,46
finneon,456,water,None,49,49,56,49,61,66
lumineon,457,water,None,69,69,76,69,86,91
mantyke,458,water,flying,45,20,50,60,120,50
snover,459,grass,ice,60,62,50,62,60,40
abomasnow,460,grass,ice,90,92,75,92,85,60
weavile,461,dark,ice,70,120,65,45,85,125
magnezone,462,electric,steel,70,70,115,130,90,60
lickilicky,463,normal,None,110,85,95,80,95,50
rhyperior,464,ground,rock,115,140,130,55,55,40
tangrowth,465,grass,None,100,100,125,110,50,50
electivire,466,electric,None,75,123,67,95,85,95
magmortar,467,fire,None,75,95,67,125,95,83
togekiss,468,fairy,flying,85,50,95,120,115,80
yanmega,469,bug,flying,86,76,86,116,56,95
leafeon,470,grass,None,65,110,130,60,65,95
glaceon,471,ice,None,65,60,110,130,95,65
gliscor,472,ground,flying,75,95,125,45,75,95
mamoswine,473,ice,ground,110,130,80,70,60,80
porygon-z,474,normal,None,85,80,70,135,75,90
gallade,475,psychic,fighting,68,125,65,65,115,80
probopass,476,rock,steel,60,55,145,75,150,40
dusknoir,477,ghost,None,45,100,135,65,135,45
froslass,478,ice,ghost,70,80,70,80,70,110
rotom,479,electric,ghost,50,50,77,95,77,91
uxie,480,psychic,None,75,75,130,75,130,95
mesprit,481,psychic,None,80,105,105,105,105,80
azelf,482,psychic,None,75,125,70,125,70,115
dialga,483,steel,dragon,100,120,120,150,100,90
palkia,484,water,dragon,90,120,100,150,120,100
heatran,485,fire,steel,91,90,106,130,106,77
regigigas,486,normal,None,110,160,110,80,110,100
giratina-altered,487,ghost,dragon,150,100,120,100,120,90
cresselia,488,psychic,None,120,70,110,75,120,85
phione,489,water,None,80,80,80,80,80,80
manaphy,490,water,None,100,100,100,100,100,100
darkrai,491,dark,None,70,90,90,135,90,125
shaymin-land,492,grass,None,100,100,100,100,100,100
arceus,493,normal,None,120,120,120,120,120,120
victini,494,psychic,fire,100,100,100,100,100,100
snivy,495,grass,None,45,45,55,45,55,63
servine,496,grass,None,60,60,75,60,75,83
serperior,497,grass,None,75,75,95,75,95,113
tepig,498,fire,None,65,63,45,45,45,45
pignite,499,fire,fighting,90,93,55,70,55,55
emboar,500,fire,fighting,110,123,65,100,65,65
oshawott,501,water,None,55,55,45,63,45,45
dewott,502,water,None,75,75,60,83,60,60
samurott,503,water,None,95,100,85,108,70,70
patrat,504,normal,None,45,55,39,35,39,42
watchog,505,normal,None,60,85,69,60,69,77
lillipup,506,normal,None,45,60,45,25,45,55
herdier,507,normal,None,65,80,65,35,65,60
stoutland,508,normal,None,85,110,90,45,90,80
purrloin,509,dark,None,41,50,37,50,37,66
liepard,510,dark,None,64,88,50,88,50,106
pansage,511,grass,None,50,53,48,53,48,64
simisage,512,grass,None,75,98,63,98,63,101
pansear,513,fire,None,50,53,48,53,48,64
simisear,514,fire,None,75,98,63,98,63,101
panpour,515,water,None,50,53,48,53,48,64
simipour,516,water,None,75,98,63,98,63,101
munna,517,psychic,None,76,25,45,67,55,24
musharna,518,psychic,None,116,55,85,107,95,29
pidove,519,normal,flying,50,55,50,36,30,43
tranquill,520,normal,flying,62,77,62,50,42,65
unfezant,521,normal,flying,80,115,80,65,55,93
blitzle,522,electric,None,45,60,32,50,32,76
zebstrika,523,electric,None,75,100,63,80,63,116
roggenrola,524,rock,None,55,75,85,25,25,15
boldore,525,rock,None,70,105,105,50,40,20
gigalith,526,rock,None,85,135,130,60,80,25
woobat,527,psychic,flying,65,45,43,55,43,72
swoobat,528,psychic,flying,67,57,55,77,55,114
drilbur,529,ground,None,60,85,40,30,45,68
excadrill,530,ground,steel,110,135,60,50,65,88
audino,531,normal,None,103,60,86,60,86,50
timburr,532,fighting,None,75,80,55,25,35,35
gurdurr,533,fighting,None,85,105,85,40,50,40
conkeldurr,534,fighting,None,105,140,95,55,65,45
tympole,535,water,None,50,50,40,50,40,64
palpitoad,536,water,ground,75,65,55,65,55,69
seismitoad,537,water,ground,105,95,75,85,75,74
throh,538,fighting,None,120,100,85,30,85,45
sawk,539,fighting,None,75,125,75,30,75,85
sewaddle,540,bug,grass,45,53,70,40,60,42
swadloon,541,bug,grass,55,63,90,50,80,42
leavanny,542,bug,grass,75,103,80,70,80,92
venipede,543,bug,poison,30,45,59,30,39,57
whirlipede,544,bug,poison,40,55,99,40,79,47
scolipede,545,bug,poison,60,100,89,55,69,112
cottonee,546,grass,fairy,40,27,60,37,50,66
whimsicott,547,grass,fairy,60,67,85,77,75,116
petilil,548,grass,None,45,35,50,70,50,30
lilligant,549,grass,None,70,60,75,110,75,90
basculin-red-striped,550,water,None,70,92,65,80,55,98
sandile,551,ground,dark,50,72,35,35,35,65
krokorok,552,ground,dark,60,82,45,45,45,74
krookodile,553,ground,dark,95,117,80,65,70,92
darumaka,554,fire,None,70,90,45,15,45,50
darmanitan-standard,555,fire,None,105,140,55,30,55,95
maractus,556,grass,None,75,86,67,106,67,60
dwebble,557,bug,rock,50,65,85,35,35,55
crustle,558,bug,rock,70,105,125,65,75,45
scraggy,559,dark,fighting,50,75,70,35,70,48
scrafty,560,dark,fighting,65,90,115,45,115,58
sigilyph,561,psychic,flying,72,58,80,103,80,97
yamask,562,ghost,None,38,30,85,55,65,30
cofagrigus,563,ghost,None,58,50,145,95,105,30
tirtouga,564,water,rock,54,78,103,53,45,22
carracosta,565,water,rock,74,108,133,83,65,32
archen,566,rock,flying,55,112,45,74,45,70
archeops,567,rock,flying,75,140,65,112,65,110
trubbish,568,poison,None,50,50,62,40,62,65
garbodor,569,poison,None,80,95,82,60,82,75
zorua,570,dark,None,40,65,40,80,40,65
zoroark,571,dark,None,60,105,60,120,60,105
minccino,572,normal,None,55,50,40,40,40,75
cinccino,573,normal,None,75,95,60,65,60,115
gothita,574,psychic,None,45,30,50,55,65,45
gothorita,575,psychic,None,60,45,70,75,85,55
gothitelle,576,psychic,None,70,55,95,95,110,65
solosis,577,psychic,None,45,30,40,105,50,20
duosion,578,psychic,None,65,40,50,125,60,30
reuniclus,579,psychic,None,110,65,75,125,85,30
ducklett,580,water,flying,62,44,50,44,50,55
swanna,581,water,flying,75,87,63,87,63,98
vanillite,582,ice,None,36,50,50,65,60,44
vanillish,583,ice,None,51,65,65,80,75,59
vanilluxe,584,ice,None,71,95,85,110,95,79
deerling,585,normal,grass,60,60,50,40,50,75
sawsbuck,586,normal,grass,80,100,70,60,70,95
emolga,587,electric,flying,55,75,60,75,60,103
karrablast,588,bug,None,50,75,45,40,45,60
escavalier,589,bug,steel,70,135,105,60,105,20
foongus,590,grass,poison,69,55,45,55,55,15
amoonguss,591,grass,poison,114,85,70,85,80,30
frillish,592,water,ghost,55,40,50,65,85,40
jellicent,593,water,ghost,100,60,70,85,105,60
alomomola,594,water,None,165,75,80,40,45,65
joltik,595,bug,electric,50,47,50,57,50,65
galvantula,596,bug,electric,70,77,60,97,60,108
ferroseed,597,grass,steel,44,50,91,24,86,10
ferrothorn,598,grass,steel,74,94,131,54,116,20
klink,599,steel,None,40,55,70,45,60,30
klang,600,steel,None,60,80,95,70,85,50
klinklang,601,steel,None,60,100,115,70,85,90
tynamo,602,electric,None,35,55,40,45,40,60
eelektrik,603,electric,None,65,85,70,75,70,40
eelektross,604,electric,None,85,115,80,105,80,50
elgyem,605,psychic,None,55,55,55,85,55,30
beheeyem,606,psychic,None,75,75,75,125,95,40
litwick,607,ghost,fire,50,30,55,65,55,20
lampent,608,ghost,fire,60,40,60,95,60,55
chandelure,609,ghost,fire,60,55,90,145,90,80
axew,610,dragon,None,46,87,60,30,40,57
fraxure,611,dragon,None,66,117,70,40,50,67
haxorus,612,dragon,None,76,147,90,60,70,97
cubchoo,613,ice,None,55,70,40,60,40,40
beartic,614,ice,None,95,130,80,70,80,50
cryogonal,615,ice,None,80,50,50,95,135,105
shelmet,616,bug,None,50,40,85,40,65,25
accelgor,617,bug,None,80,70,40,100,60,145
stunfisk,618,ground,electric,109,66,84,81,99,32
mienfoo,619,fighting,None,45,85,50,55,50,65
mienshao,620,fighting,None,65,125,60,95,60,105
druddigon,621,dragon,None,77,120,90,60,90,48
golett,622,ground,ghost,59,74,50,35,50,35
golurk,623,ground,ghost,89,124,80,55,80,55
pawniard,624,dark,steel,45,85,70,40,40,60
bisharp,625,dark,steel,65,125,100,60,70,70
bouffalant,626,normal,None,95,110,95,40,95,55
rufflet,627,normal,flying,70,83,50,37,50,60
braviary,628,normal,flying,100,123,75,57,75,80
vullaby,629,dark,flying,70,55,75,45,65,60
mandibuzz,630,dark,flying,110,65,105,55,95,80
heatmor,631,fire,None,85,97,66,105,66,65
durant,632,bug,steel,58,109,112,48,48,109
deino,633,dark,dragon,52,65,50,45,50,38
zweilous,634,dark,dragon,72,85,70,65,70,58
hydreigon,635,dark,dragon,92,105,90,125,90,98
larvesta,636,bug,fire,55,85,55,50,55,60
volcarona,637,bug,fire,85,60,65,135,105,100
cobalion,638,steel,fighting,91,90,129,90,72,108
terrakion,639,rock,fighting,91,129,90,72,90,108
virizion,640,grass,fighting,91,90,72,90,129,108
tornadus-incarnate,641,flying,None,79,115,70,125,80,111
thundurus-incarnate,642,electric,flying,79,115,70,125,80,111
reshiram,643,dragon,fire,100,120,100,150,120,90
zekrom,644,dragon,electric,100,150,120,120,100,90
landorus-incarnate,645,ground,flying,89,125,90,115,80,101
kyurem,646,dragon,ice,125,130,90,130,90,95
keldeo-ordinary,647,water,fighting,91,72,90,129,90,108
meloetta-aria,648,normal,psychic,100,77,77,128,128,90
genesect,649,bug,steel,71,120,95,120,95,99
chespin,650,grass,None,56,61,65,48,45,38
quilladin,651,grass,None,61,78,95,56,58,57
chesnaught,652,grass,fighting,88,107,122,74,75,64
fennekin,653,fire,None,40,45,40,62,60,60
braixen,654,fire,None,59,59,58,90,70,73
delphox,655,fire,psychic,75,69,72,114,100,104
froakie,656,water,None,41,56,40,62,44,71
frogadier,657,water,None,54,63,52,83,56,97
greninja,658,water,dark,72,95,67,103,71,122
bunnelby,659,normal,None,38,36,38,32,36,57
diggersby,660,normal,ground,85,56,77,50,77,78
fletchling,661,normal,flying,45,50,43,40,38,62
fletchinder,662,fire,flying,62,73,55,56,52,84
talonflame,663,fire,flying,78,81,71,74,69,126
scatterbug,664,bug,None,38,35,40,27,25,35
spewpa,665,bug,None,45,22,60,27,30,29
vivillon,666,bug,flying,80,52,50,90,50,89
litleo,667,fire,normal,62,50,58,73,54,72
pyroar,668,fire,normal,86,68,72,109,66,106
flabebe,669,fairy,None,44,38,39,61,79,42
floette,670,fairy,None,54,45,47,75,98,52
florges,671,fairy,None,78,65,68,112,154,75
skiddo,672,grass,None,66,65,48,62,57,52
gogoat,673,grass,None,123,100,62,97,81,68
pancham,674,fighting,None,67,82,62,46,48,43
pangoro,675,fighting,dark,95,124,78,69,71,58
furfrou,676,normal,None,75,80,60,65,90,102
espurr,677,psychic,None,62,48,54,63,60,68
meowstic-male,678,psychic,None,74,48,76,83,81,104
honedge,679,steel,ghost,45,80,100,35,37,28
doublade,680,steel,ghost,59,110,150,45,49,35
aegislash-shield,681,steel,ghost,60,50,140,50,140,60
spritzee,682,fairy,None,78,52,60,63,65,23
aromatisse,683,fairy,None,101,72,72,99,89,29
swirlix,684,fairy,None,62,48,66,59,57,49
slurpuff,685,fairy,None,82,80,86,85,75,72
inkay,686,dark,psychic,53,54,53,37,46,45
malamar,687,dark,psychic,86,92,88,68,75,73
binacle,688,rock,water,42,52,67,39,56,50
barbaracle,689,rock,water,72,105,115,54,86,68
skrelp,690,poison,water,50,60,60,60,60,30
dragalge,691,poison,dragon,65,75,90,97,123,44
clauncher,692,water,None,50,53,62,58,63,44
clawitzer,693,water,None,71,73,88,120,89,59
helioptile,694,electric,normal,44,38,33,61,43,70
heliolisk,695,electric,normal,62,55,52,109,94,109
tyrunt,696,rock,dragon,58,89,77,45,45,48
tyrantrum,697,rock,dragon,82,121,119,69,59,71
amaura,698,rock,ice,77,59,50,67,63,46
aurorus,699,rock,ice,123,77,72,99,92,58
sylveon,700,fairy,None,95,65,65,110,130,60
hawlucha,701,fighting,flying,78,92,75,74,63,118
dedenne,702,electric,fairy,67,58,57,81,67,101
carbink,703,rock,fairy,50,50,150,50,150,50
goomy,704,dragon,None,45,50,35,55,75,40
sliggoo,705,dragon,None,68,75,53,83,113,60
goodra,706,dragon,None,90,100,70,110,150,80
klefki,707,steel,fairy,57,80,91,80,87,75
phantump,708,ghost,grass,43,70,48,50,60,38
trevenant,709,ghost,grass,85,110,76,65,82,56
pumpkaboo-average,710,ghost,grass,49,66,70,44,55,51
gourgeist-average,711,ghost,grass,65,90,122,58,75,84
bergmite,712,ice,None,55,69,85,32,35,28
avalugg,713,ice,None,95,117,184,44,46,28
noibat,714,flying,dragon,40,30,35,45,40,55
noivern,715,flying,dragon,85,70,80,97,80,123
xerneas,716,fairy,None,126,131,95,131,98,99
yveltal,717,dark,flying,126,131,95,131,98,99
zygarde-50,718,dragon,ground,108,100,121,81,95,95
diancie,719,rock,fairy,50,100,150,100,150,50
hoopa,720,psychic,ghost,80,110,60,150,130,70
volcanion,721,fire,water,80,110,120,130,90,70
rowlet,722,grass,flying,68,55,55,50,50,42
dartrix,723,grass,flying,78,75,75,70,70,52
decidueye,724,grass,ghost,78,107,75,100,100,70
litten,725,fire,None,45,65,40,60,40,70
torracat,726,fire,None,65,85,50,80,50,90
incineroar,727,fire,dark,95,115,90,80,90,60
popplio,728,water,None,50,54,54,66,56,40
brionne,729,water,None,60,69,69,91,81,50
primarina,730,water,fairy,80,74,74,126,116,60
pikipek,731,normal,flying,35,75,30,30,30,65
trumbeak,732,normal,flying,55,85,50,40,50,75
toucannon,733,normal,flying,80,120,75,75,75,60
yungoos,734,normal,None,48,70,30,30,30,45
gumshoos,735,normal,None,88,110,60,55,60,45
grubbin,736,bug,None,47,62,45,55,45,46
charjabug,737,bug,electric,57,82,95,55,75,36
vikavolt,738,bug,electric,77,70,90,145,75,43
crabrawler,739,fighting,None,47,82,57,42,47,63
crabominable,740,fighting,ice,97,132,77,62,67,43
oricorio-baile,741,fire,flying,75,70,70,98,70,93
cutiefly,742,bug,fairy,40,45,40,55,40,84
ribombee,743,bug,fairy,60,55,60,95,70,124
rockruff,744,rock,None,45,65,40,30,40,60
lycanroc-midday,745,rock,None,75,115,65,55,65,112
wishiwashi-solo,746,water,None,45,20,20,25,25,40
mareanie,747,poison,water,50,53,62,43,52,45
toxapex,748,poison,water,50,63,152,53,142,35
mudbray,749,ground,None,70,100,70,45,55,45
mudsdale,750,ground,None,100,125,100,55,85,35
dewpider,751,water,bug,38,40,52,40,72,27
araquanid,752,water,bug,68,70,92,50,132,42
fomantis,753,grass,None,40,55,35,50,35,35
lurantis,754,grass,None,70,105,90,80,90,45
morelull,755,grass,fairy,40,35,55,65,75,15
shiinotic,756,grass,fairy,60,45,80,90,100,30
salandit,757,poison,fire,48,44,40,71,40,77
salazzle,758,poison,fire,68,64,60,111,60,117
stufful,759,normal,fighting,70,75,50,45,50,50
bewear,760,normal,fighting,120,125,80,55,60,60
bounsweet,761,grass,None,42,30,38,30,38,32
steenee,762,grass,None,52,40,48,40,48,62
tsareena,763,grass,None,72,120,98,50,98,72
comfey,764,fairy,None,51,52,90,82,110,100
oranguru,765,normal,psychic,90,60,80,90,110,60
passimian,766,fighting,None,100,120,90,40,60,80
wimpod,767,bug,water,25,35,40,20,30,80
golisopod,768,bug,water,75,125,140,60,90,40
sandygast,769,ghost,ground,55,55,80,70,45,15
palossand,770,ghost,ground,85,75,110,100,75,35
pyukumuku,771,water,None,55,60,130,30,130,5
type-null,772,normal,None,95,95,95,95,95,59
silvally,773,normal,None,95,95,95,95,95,95
minior-red-meteor,774,rock,flying,60,60,100,60,100,60
komala,775,normal,None,65,115,65,75,95,65
turtonator,776,fire,dragon,60,78,135,91,85,36
togedemaru,777,electric,steel,65,98,63,40,73,96
mimikyu-disguised,778,ghost,fairy,55,90,80,50,105,96
bruxish,779,water,psychic,68,105,70,70,70,92
drampa,780,normal,dragon,78,60,85,135,91,36
dhelmise,781,ghost,grass,70,131,100,86,90,40
jangmo-o,782,dragon,None,45,55,65,45,45,45
hakamo-o,783,dragon,fighting,55,75,90,65,70,65
kommo-o,784,dragon,fighting,75,110,125,100,105,85
tapu-koko,785,electric,fairy,70,115,85,95,75,130
tapu-lele,786,psychic,fairy,70,85,75,130,115,95
tapu-bulu,787,grass,fairy,70,130,115,85,95,75
tapu-fini,788,water,fairy,70,75,115,95,130,85
cosmog,789,psychic,None,43,29,31,29,31,37
cosmoem,790,psychic,None,43,29,131,29,131,37
solgaleo,791,psychic,steel,137,137,107,113,89,97
lunala,792,psychic,ghost,137,113,89,137,107,97
nihilego,793,rock,poison,109,53,47,127,131,103
buzzwole,794,bug,fighting,107,139,139,53,53,79
pheromosa,795,bug,fighting,71,137,37,137,37,151
xurkitree,796,electric,None,83,89,71,173,71,83
celesteela,797,steel,flying,97,101,103,107,101,61
kartana,798,grass,steel,59,181,131,59,31,109
guzzlord,799,dark,dragon,223,101,53,97,53,43
necrozma,800,psychic,None,97,107,101,127,89,79
magearna,801,steel,fairy,80,95,115,130,115,65
marshadow,802,fighting,ghost,90,125,80,90,90,125
poipole,803,poison,None,67,73,67,73,67,73
naganadel,804,poison,dragon,73,73,73,127,73,121
stakataka,805,rock,steel,61,131,211,53,101,13
blacephalon,806,fire,ghost,53,127,53,151,79,107
zeraora,807,electric,None,88,112,75,102,80,143
meltan,808,steel,None,46,65,65,55,35,34
melmetal,809,steel,None,135,143,143,80,65,34
grookey,810,grass,None,50,65,50,40,40,65
thwackey,811,grass,None,70,85,70,55,60,80
rillaboom,812,grass,None,100,125,90,60,70,85
scorbunny,813,fire,None,50,71,40,40,40,69
raboot,814,fire,None,65,86,60,55,60,94
cinderace,815,fire,None,80,116,75,65,75,119
sobble,816,water,None,50,40,40,70,40,70
drizzile,817,water,None,65,60,55,95,55,90
inteleon,818,water,None,70,85,65,125,65,120
skwovet,819,normal,None,70,55,55,35,35,25
greedent,820,normal,None,120,95,95,55,75,20
rookidee,821,flying,None,38,47,35,33,35,57
corvisquire,822,flying,None,68,67,55,43,55,77
corviknight,823,flying,steel,98,87,105,53,85,67
blipbug,824,bug,None,25,20,20,25,45,45
dottler,825,bug,psychic,50,35,80,50,90,30
orbeetle,826,bug,psychic,60,45,110,80,120,90
nickit,827,dark,None,40,28,28,47,52,50
thievul,828,dark,None,70,58,58,87,92,90
gossifleur,829,grass,None,40,40,60,40,60,10
eldegoss,830,grass,None,60,50,90,80,120,60
wooloo,831,normal,None,42,40,55,40,45,48
dubwool,832,normal,None,72,80,100,60,90,88
chewtle,833,water,None,50,64,50,38,38,44
drednaw,834,water,rock,90,115,90,48,68,74
yamper,835,electric,None,59,45,50,40,50,26
boltund,836,electric,None,69,90,60,90,60,121
rolycoly,837,rock,None,30,40,50,40,50,30
carkol,838,rock,fire,80,60,90,60,70,50
coalossal,839,rock,fire,110,80,120,80,90,30
applin,840,grass,dragon,40,40,80,40,40,20
flapple,841,grass,dragon,70,110,80,95,60,70
appletun,842,grass,dragon,110,85,80,100,80,30
silicobra,843,ground,None,52,57,75,35,50,46
sandaconda,844,ground,None,72,107,125,65,70,71
cramorant,845,flying,water,70,85,55,85,95,85
arrokuda,846,water,None,41,63,40,40,30,66
barraskewda,847,water,None,61,123,60,60,50,136
toxel,848,electric,poison,40,38,35,54,35,40
toxtricity-amped,849,electric,poison,75,98,70,114,70,75
sizzlipede,850,fire,bug,50,65,45,50,50,45
centiskorch,851,fire,bug,100,115,65,90,90,65
clobbopus,852,fighting,None,50,68,60,50,50,32
grapploct,853,fighting,None,80,118,90,70,80,42
sinistea,854,ghost,None,40,45,45,74,54,50
polteageist,855,ghost,None,60,65,65,134,114,70
hatenna,856,psychic,None,42,30,45,56,53,39
hattrem,857,psychic,None,57,40,65,86,73,49
hatterene,858,psychic,fairy,57,90,95,136,103,29
impidimp,859,dark,fairy,45,45,30,55,40,50
morgrem,860,dark,fairy,65,60,45,75,55,70
grimmsnarl,861,dark,fairy,95,120,65,95,75,60
obstagoon,862,dark,normal,93,90,101,60,81,95
perrserker,863,steel,None,70,110,100,50,60,50
cursola,864,ghost,None,60,95,50,145,130,30
sirfetchd,865,fighting,None,62,135,95,68,82,65
mr-rime,866,ice,psychic,80,85,75,110,100,70
runerigus,867,ground,ghost,58,95,145,50,105,30
milcery,868,fairy,None,45,40,40,50,61,34
alcremie,869,fairy,None,65,60,75,110,121,64
falinks,870,fighting,None,65,100,100,70,60,75
pincurchin,871,electric,None,48,101,95,91,85,15
snom,872,ice,bug,30,25,35,45,30,20
frosmoth,873,ice,bug,70,65,60,125,90,65
stonjourner,874,rock,None,100,125,135,20,20,70
eiscue-ice,875,ice,None,75,80,110,65,90,50
indeedee-male,876,psychic,normal,60,65,55,105,95,95
morpeko-full-belly,877,electric,dark,58,95,58,70,58,97
cufant,878,steel,None,72,80,49,40,49,40
copperajah,879,steel,None,122,130,69,80,69,30
dracozolt,880,electric,dragon,90,100,90,80,70,75
arctozolt,881,electric,ice,90,100,90,90,80,55
dracovish,882,water,dragon,90,90,100,70,80,75
arctovish,883,water,ice,90,90,100,80,90,55
duraludon,884,steel,dragon,70,95,115,120,50,85
dreepy,885,dragon,ghost,28,60,30,40,30,82
drakloak,886,dragon,ghost,68,80,50,60,50,102
dragapult,887,dragon,ghost,88,120,75,100,75,142
zacian,888,fairy,None,92,120,115,80,115,138
zamazenta,889,fighting,None,92,120,115,80,115,138
eternatus,890,poison,dragon,140,85,95,145,95,130
kubfu,891,fighting,None,60,90,60,53,50,72
urshifu-single-strike,892,fighting,dark,100,130,100,63,60,97
zarude,893,dark,grass,105,120,105,70,95,105
regieleki,894,electric,None,80,100,50,100,50,200
regidrago,895,dragon,None,200,100,50,100,50,80
glastrier,896,ice,None,100,145,130,65,110,30
spectrier,897,ghost,None,100,65,60,145,80,130
calyrex,898,psychic,grass,100,80,80,80,80,80
wyrdeer,899,normal,psychic,103,105,72,105,75,65
kleavor,900,bug,rock,70,135,95,45,70,85
ursaluna,901,ground,normal,130,140,105,45,80,50
basculegion-male,902,water,ghost,120,112,65,80,75,78
sneasler,903,fighting,poison,80,130,60,40,80,120
overqwil,904,dark,poison,85,115,95,65,65,85
enamorus-incarnate,905,fairy,flying,74,115,70,135,80,106
sprigatito,906,grass,None,40,61,54,45,45,65
floragato,907,grass,None,61,80,63,60,63,83
meowscarada,908,grass,dark,76,110,70,81,70,123
fuecoco,909,fire,None,67,45,59,63,40,36
crocalor,910,fire,None,81,55,78,90,58,49
skeledirge,911,fire,ghost,104,75,100,110,75,66
quaxly,912,water,None,55,65,45,50,45,50
quaxwell,913,water,None,70,85,65,65,60,65
quaquaval,914,water,fighting,85,120,80,85,75,85
lechonk,915,normal,None,54,45,40,35,45,35
oinkologne,916,normal,None,110,100,75,59,80,65
tarountula,917,bug,None,35,41,45,29,40,20
spidops,918,bug,None,60,79,92,52,86,35
nymble,919,bug,None,33,46,40,21,25,45
lokix,920,bug,dark,71,102,78,52,55,92
pawmi,921,electric,None,45,50,20,40,25,60
pawmo,922,electric,fighting,60,75,40,50,40,85
pawmot,923,electric,fighting,70,115,70,70,60,105
tandemaus,924,normal,None,50,50,45,40,45,75
maushold,925,normal,None,74,75,70,65,75,111
fidough,926,fairy,None,37,55,70,30,55,65
dachsbun,927,fairy,None,57,80,115,50,80,95
smoliv,928,grass,normal,41,35,45,58,51,30
dolliv,929,grass,normal,52,53,60,78,78,33
arboliva,930,grass,normal,78,69,90,125,109,39
squawkabilly,931,normal,flying,82,96,51,45,51,92
nacli,932,rock,None,55,55,75,35,35,25
naclstack,933,rock,None,60,60,100,35,65,35
garganacl,934,rock,None,100,100,130,45,90,35
charcadet,935,fire,None,40,50,40,50,40,35
armarouge,936,fire,psychic,85,60,100,125,80,75
ceruledge,937,fire,ghost,75,125,80,60,100,85
tadbulb,938,electric,None,61,31,41,59,35,45
bellibolt,939,electric,None,109,64,91,103,83,45
wattrel,940,electric,flying,40,40,35,55,40,70
kilowattrel,941,electric,flying,70,70,60,105,60,125
maschiff,942,dark,None,60,78,60,40,51,51
mabosstiff,943,dark,None,80,120,90,60,70,85
shroodle,944,poison,normal,40,65,35,40,35,75
grafaiai,945,poison,normal,63,95,65,80,72,110
bramblin,946,grass,ghost,40,65,30,45,35,60
brambleghast,947,grass,ghost,55,115,70,80,70,90
toedscool,948,ground,grass,40,40,35,50,100,70
toedscruel,949,ground,grass,80,70,65,80,120,100
klawf,950,rock,None,70,100,115,35,55,75
capsakid,951,grass,None,50,62,40,62,40,50
scovillain,952,grass,fire,65,108,65,108,65,75
rellor,953,bug,None,41,50,60,31,58,30
rabsca,954,bug,psychic,75,50,85,115,100,45
flittle,955,psychic,None,30,35,30,55,30,75
espathra,956,psychic,None,95,60,60,101,60,105
tinkatink,957,fairy,steel,50,45,45,35,64,58
tinkatuff,958,fairy,steel,65,55,55,45,82,78
tinkaton,959,fairy,steel,85,75,77,70,105,94
wiglett,960,water,None,10,55,25,35,25,95
wugtrio,961,water,None,35,100,50,50,70,120
bombirdier,962,flying,dark,70,103,85,60,85,82
finizen,963,water,None,70,45,40,45,40,75
palafin,964,water,None,100,70,72,53,62,100
varoom,965,steel,poison,45,70,63,30,45,47
revavroom,966,steel,poison,80,119,90,54,67,90
cyclizar,967,dragon,normal,70,95,65,85,65,121
orthworm,968,steel,None,70,85,145,60,55,65
glimmet,969,rock,poison,48,35,42,105,60,60
glimmora,970,rock,poison,83,55,90,130,81,86
greavard,971,ghost,None,50,61,60,30,55,34
houndstone,972,ghost,None,72,101,100,50,97,68
flamigo,973,flying,fighting,82,115,74,75,64,90
cetoddle,974,ice,None,108,68,45,30,40,43
cetitan,975,ice,None,170,113,65,45,55,73
veluza,976,water,psychic,90,102,73,78,65,70
dondozo,977,water,None,150,100,115,65,65,35
tatsugiri,978,dragon,water,68,50,60,120,95,82
annihilape,979,fighting,ghost,110,115,80,50,90,90
clodsire,980,poison,ground,130,75,60,45,100,20
farigiraf,981,normal,psychic,120,90,70,110,70,60
dudunsparce,982,normal,None,125,100,80,85,75,55
kingambit,983,dark,steel,100,135,120,60,85,50
great-tusk,984,ground,fighting,115,131,131,53,53,87
scream-tail,985,fairy,psychic,115,65,99,65,115,111
brute-bonnet,986,grass,dark,111,127,99,79,99,55
flutter-mane,987,ghost,fairy,55,55,55,135,135,135
slither-wing,988,bug,fighting,85,135,79,85,105,81
sandy-shocks,989,electric,ground,85,81,97,121,85,101
iron-treads,990,ground,steel,90,112,120,72,70,106
iron-bundle,991,ice,water,56,80,114,124,60,136
iron-hands,992,fighting,electric,154,140,108,50,68,50
iron-jugulis,993,dark,flying,94,80,86,122,80,108
iron-moth,994,fire,poison,80,70,60,140,110,110
iron-thorns,995,rock,electric,100,134,110,70,84,72
frigibax,996,dragon,ice,65,75,45,35,45,55
arctibax,997,dragon,ice,90,95,66,45,65,62
baxcalibur,998,dragon,ice,115,145,92,75,86,87
gimmighoul,999,ghost,None,45,30,70,75,70,10
gholdengo,1000,steel,ghost,87,60,95,133,91,84